http://www.hukumusume.com/jap/001_hokkaidou.htm,北海道
http://www.hukumusume.com/jap/002_aomori.htm,青森県
http://www.hukumusume.com/jap/003_iwate.htm,岩手県
http://www.hukumusume.com/jap/004_miyagi.htm,宮城県
http://www.hukumusume.com/jap/005_akita.htm,秋田県
http://www.hukumusume.com/jap/006_yamagata.htm,山形県
http://www.hukumusume.com/jap/007_hukusuma.htm,福島県
http://www.hukumusume.com/jap/008_ibaragi.htm,茨城県
http://www.hukumusume.com/jap/009_totigi.htm,栃木県
http://www.hukumusume.com/jap/010_gunma.htm,群馬県
http://www.hukumusume.com/jap/011_saitama.htm,埼玉県
http://www.hukumusume.com/jap/014_tiba.htm,千葉県
http://www.hukumusume.com/jap/012_tokyo.htm,東京都
http://www.hukumusume.com/jap/013_kanagawa.htm,神奈川県
http://www.hukumusume.com/jap/015_niigata.htm,新潟県
http://www.hukumusume.com/jap/016_toyama.htm,富山県
http://www.hukumusume.com/jap/017_isikawa.htm,石川県
http://www.hukumusume.com/jap/018_hukui.htm,福井県
http://www.hukumusume.com/jap/019_yamanasi.htm,山梨県
http://www.hukumusume.com/jap/020_nagano.htm,長野県
http://www.hukumusume.com/jap/021_gifu.htm,岐阜県
http://www.hukumusume.com/jap/023_sizuoka.htm,静岡県
http://www.hukumusume.com/jap/022_aiti.htm,愛知県
http://www.hukumusume.com/jap/024_mie.htm,三重県
http://www.hukumusume.com/jap/025_siga.htm,滋賀県
http://www.hukumusume.com/jap/027_kyouto.htm,京都府
http://www.hukumusume.com/jap/028_osaka.htm,大阪府
http://www.hukumusume.com/jap/029_hyougo.htm,兵庫県
http://www.hukumusume.com/jap/026_nara.htm,奈良県
http://www.hukumusume.com/jap/030_wakayama.htm,和歌山
http://www.hukumusume.com/jap/031_tottori.htm,鳥取県
http://www.hukumusume.com/jap/032_simane.htm,島根県
http://www.hukumusume.com/jap/033_okayama.htm,岡山県
http://www.hukumusume.com/jap/034_hirosima.htm,広島県
http://www.hukumusume.com/jap/035_yamaguti.htm,山口県
http://www.hukumusume.com/jap/036_tokusima.htm,徳島県
http://www.hukumusume.com/jap/037_kagawa.htm,香川県
http://www.hukumusume.com/jap/038_ehime.htm,愛媛県
http://www.hukumusume.com/jap/039_kouti.htm,高知県
http://www.hukumusume.com/jap/041_hukuoka.htm,福岡県
http://www.hukumusume.com/jap/040_saga.htm,佐賀県
http://www.hukumusume.com/jap/042_nagasaki.htm,長崎県
http://www.hukumusume.com/jap/043_kumamoto.htm,熊本県
http://www.hukumusume.com/jap/044_ooita.htm,大分県
http://www.hukumusume.com/jap/045_miyazaki.htm,宮崎県
http://www.hukumusume.com/jap/046_kagosima.htm,鹿児島県
http://www.hukumusume.com/jap/047_okinawa.htm,沖縄県

